Area,Postcode
Bromley,BR1 1QE
Downham,BR1 4QH
Leaves Green,BR2 6DG
Beckenham,BR3 1EB
West Wickham,BR4 9JU
Orpington,BR6 0AA
Chelsfield,BR6 6HJ
Chislehurst,BR7 6LF
New Addington,CR0 0LA
Addington,CR0 0PL
Addiscombe,CR0 1LF
Croydon,CR0 4NZ
South Croydon,CR2 7PA
Mitcham,CR4 3ND
Coulsdon,CR5 3EA
Thornton Heath,CR7 7JG
Sidcup,DA15 7AW
Welling,DA16 3AU
Belvedere,DA17 6JJ
Bexley,DA5 1AQ
Bexley Heath,DA7 4QS
Erith,DA8 1TY
Whitechapel,E1 8DA
Leyton,E10 5LL
Leytonstone,E11 1BE
Plaistow,E13 0DY
Upton Park,E13 9AP
Canary Wharf,E14 5AJ
Limehouse,E14 7PS
Stratford,E15 1AZ
West Ham,E15 3BN
Canning Town,E16 1DQ
Walthamstow,E17 4SL
Higham Hill,E17 6EG
Snaresbrook,E18 2DE
Bethnal Green,E2 6AU
Bow,E3 2EP
Tower Hamlets,E3 4NL
Victoria Park,E3 5RH
Chingford,E4 7BE
Highams Park,E4 9LR
Clapton,E5 0QJ
Beckton,E6 5NT
Forest Gate,E7 0QH
Dalston,E8 3DE
Hackney,E9 6ND
Clerkenwell,EC1V 4JW
Shoreditch,EC2A 3NT
Bush Hill Park,EN1 1BJ
Southbury,EN1 1RD
Enfield,EN1 3UA
Brimsdown,EN3 7SB
High Barnet,EN5 4LD
Barnet,EN5 5TS
Sudbury,HA0 2QR
Harrow,HA1 1BB
Rayners Lane,HA2 9SN
Preston,HA3 0QQ
Wealdstone,HA3 7AU
Kingsbury,HA3 9RT
Ruislip,HA4 8ES
Pinner,HA5 3XE
Northwood,HA6 2AA
Stanmore,HA7 4PD
Canon's Park,HA8 6ST
Edgware,HA8 8NP
Wembley Park,HA9 8EB
Ilford,IG1 1EJ
Barking,IG11 8DQ
Newbury Park,IG2 7PJ
Barkingside,IG6 1NZ
Hainault,IG6 3DR
Woodford,IG8 0AT
Norbiton,KT1 3AE
Kingston upon Thames,KT2 6EF
New Malden,KT3 3QA
Malden Manor,KT3 5PF
Surbiton,KT6 4TA
Tolworth,KT6 7PY
Chessington,KT9 2EY
Canonbury,N1 2PG
Pentonville,N1 9JB
Islington,N1 9LJ
Muswell Hill,N10 3PN
Friern Barnet,N11 1JB
Bounds Green,N11 2EP
Palmers Green,N13 4DP
Southgate,N14 6DS
Stamford Hill,N16 5AG
Stoke Newington,N16 8DR
Northumberland Park,N17 0SS
White Hart Lane,N17 8AG
Tottenham Hale,N17 9BH
Edmonton,N18 2BT
East Finchley,N2 9JN
East Barnet,N20 0AP
Totteridge & Whetstone,N20 0HU
Wood Green,N22 5JN
Woodberry Down,N4 2RJ
Crouch Hill,N4 4AU
Holloway,N5 1AN
Highgate,N6 5JX
Falconer Walk,N7 7RQ
Harringay,N8 0BP
Crouch End,N8 9SU
Edmonton Green,N9 9PA
King's Cross,NW1 1ST
Camden,NW1 8NH
Brent Park,NW10 0NR
Kensal Rise,NW10 5EL
Hampstead Garden Suburb,NW11 7DG
Golders Green,NW2 1AX
Dollis Hill,NW2 6YF
Primrose Hill,NW3 2BP
Hampstead,NW3 6TR
South Hampstead,NW6 1SG
Queen's Park,NW6 6JY
Mill Hill,NW7 1RT
St John's Wood,NW8 6DN
Romford,RM1 1SX
Rush Green,RM10 8AA
Rainham,RM13 9HY
Upminster,RM14 2TD
Gallows Corner,RM3 0AD
Noak Hill,RM3 7QH
Havering-atte-Bower,RM4 1PL
Chadwell Heath,RM6 4BE
Dagenham,RM9 6LU
Southwark,SE1 1YZ
Bermondsey,SE1 2DW
North Greenwich,SE10 0HP
Greenwich,SE10 9LA
Vauxhall,SE11 5NL
Lambeth,SE11 6AX
Lee,SE12 0HR
Lewisham,SE13 5AF
Hither Green,SE13 6TH
New Cross,SE14 5PN
Newlands,SE15 3EB
Peckham,SE15 5SE
Surrey Quays,SE16 6YN
Surrey Quays,SE16 7PS
Woolwich,SE18 6UU
Gipsy Hill,SE19 1HA
Crystal Palace,SE19 2AJ
Upper Norwood,SE19 3NG
West Heath,SE2 0SG
Dulwich,SE21 7BA
Tulse Hill,SE21 8LE
Kingswood Estate,SE21 8PQ
East Dulwich,SE22 8PP
Forest Hill,SE23 2PX
Herne Hill,SE24 9NN
South Norwood,SE25 4PT
Sydenham,SE26 6HA
West Norwood,SE27 0HY
Kidbrooke,SE3 0JB
Blackheath,SE3 0UG
Brockley,SE4 2SR
Camberwell,SE5 7AQ
Bellingham,SE6 2RQ
New Eltham,SE9 3PY
Mottingham,SE9 4TY
Sutton,SM1 1DE
Benhilton,SM1 3DW
Cheam,SM3 8RZ
St Helier,SM4 5NR
Morden,SM4 5RL
Carshalton,SM5 2HT
South Beddington,SM6 9HJ
Battersea,SW11 4LU
Balham,SW12 0BP
Putney,SW15 1RT
Roehampton,SW15 4LB
Streatham,SW16 2DZ
Norbury,SW16 3RW
Streatham Park,SW16 6HP
Tooting Broadway,SW17 0SU
Wandsworth,SW18 4HY
Southfields,SW18 5RJ
Collier's Wood,SW19 2DS
Wimbledon,SW19 7QA
Victoria,SW1V 1JU
Pimlico,SW1V 3EN
Belgravia,SW1W 9AQ
Brixton,SW2 5SQ
Bushey Mead,SW20 9EE
Knightsbridge,SW3 1RE
Chelsea,SW3 4LY
Clapham,SW4 6BE
Clapham,SW4 7AJ
Earl's Court,SW5 9QA
Fulham,SW6 6TD
Nine Elms,SW8 2JU
Nine Elms,SW8 4JT
Biggin Hill,TN16 3TJ
Twickenham,TW1 4BW
Teddington,TW11 8RF
Hampton Hill,TW12 1NL
Feltham,TW13 4JL
Hounslow,TW3 2BD
Cranford,TW5 9TA
Osterley,TW7 4PU
Isleworth,TW7 7DJ
Brentford,TW8 0PB
Richmond,TW9 2NA
Kew,TW9 3PZ
Southall,UB1 1PZ
Ickenham,UB10 8PB
Hayes,UB3 2PF
Northolt,UB5 5RF
Greenford,UB6 8RJ
Longford,UB7 0JB
West Drayton,UB7 9JT
Uxbridge,UB8 1AS
Ladbroke Grove,W10 6HJ
Nottinghill,W11 2AD
Holland Park,W11 3RP
Shepherd's Bush,W12 7JA
White City,W12 7RH
Soho,W1F 0DL
Mayfair,W1K 6JP
Fitzrovia,W1T 5AS
Marylebone,W1U 4AU
Paddington,W2 1QJ
Bayswater,W2 4QH
North Acton,W3 6UF
West Acton,W3 9LN
Chiswick,W4 4EZ
Hanger Lane,W5 1HZ
Ravenscourt Park,W6 0JD
Hammersmith,W6 8AB
Hanwell,W7 3TP
Kensington,W8 7RL
Bloomsbury,WC1N 1DT
Covent Garden,WC2E 9EQ